tripadvisor_id,name,thumbnail,longitude,latitude,city,state,country,address,price,currency_code,estimated_time,subcategory,rating,popularity,detail_url,product_website,weekday_hours,neighbors
3660534,Ewa Beach Golf Club,https://media-cdn.tripadvisor.com/media/photo-o/06/ce/8b/f0/ewa-beach-golf-club.jpg,-157.99236,21.31603,Honolulu,Ewa Beach,Pacific/Honolulu,"91-050 Fort Weaver Rd, Ewa Beach, Oahu, HI 96706-2952",,JPY,2,"[{'name': 'outdoor_activities', 'localized_name': 'Outdoor Activities'}, {'name': 'activities', 'localized_name': 'Activities'}]",4.5,46,https://www.tripadvisor.com/Attraction_Review-g60645-d3660534-Reviews-Ewa_Beach_Golf_Club-Ewa_Beach_Oahu_Hawaii.html?m=66827,http://www.ewabeachgc.com/,"['Monday: 10:30 - 18:30', 'Tuesday: 10:30 - 18:30', 'Wednesday: 10:30 - 18:30', 'Thursday: 10:30 - 18:30', 'Friday: 10:30 - 18:30', 'Saturday: 06:30 - 19:00', 'Sunday: 06:30 - 19:00']",[]
9764074,Queen Liliuokalani Statue,https://media-cdn.tripadvisor.com/media/photo-o/0a/2e/f2/eb/homenagem.jpg,-157.85762,21.307154,Honolulu,Honolulu,Pacific/Honolulu,"between the State Capitol Building and the Iolani Palace Downtown Honolulu, Honolulu, Oahu, HI",,JPY,2,"[{'name': 'landmarks', 'localized_name': 'Sights & Landmarks'}, {'name': 'attractions', 'localized_name': 'Attractions'}]",4.0,23,https://www.tripadvisor.com/Attraction_Review-g60982-d9764074-Reviews-Queen_Liliuokalani_Statue-Honolulu_Oahu_Hawaii.html?m=66827,http://www.hawaiiforvisitors.com/oahu/attractions/liliuokalani-statue.htm,,[]
255184,Ala Moana Beach Park,https://media-cdn.tripadvisor.com/media/photo-o/25/20/8d/0c/caption.jpg,-157.84822,21.28977,Honolulu,Honolulu,Pacific/Honolulu,"1201 Ala Moana Blvd, Honolulu, Oahu, HI 96814-4205",,JPY,2,"[{'name': 'nature_parks', 'localized_name': 'Nature & Parks'}, {'name': 'attractions', 'localized_name': 'Attractions'}, {'name': 'outdoor_activities', 'localized_name': 'Outdoor Activities'}, {'name': 'activities', 'localized_name': 'Activities'}]",4.5,1991,https://www.tripadvisor.com/Attraction_Review-g60982-d255184-Reviews-Ala_Moana_Beach_Park-Honolulu_Oahu_Hawaii.html?m=66827,,"['Monday: 04:00 - 22:00', 'Tuesday: 04:00 - 22:00', 'Wednesday: 04:00 - 22:00', 'Thursday: 04:00 - 22:00', 'Friday: 04:00 - 22:00', 'Saturday: 04:00 - 22:00', 'Sunday: 04:00 - 22:00']",['21001939']
3573231,Kama'aina Kayak and Snorkel EcoVentures,https://media-cdn.tripadvisor.com/media/photo-o/17/88/26/39/kayaking-in-kane-ohe.jpg,-157.80882,21.4418,Honolulu,Kaneohe,Pacific/Honolulu,"Kaneohe, Oahu, HI",,JPY,2,"[{'name': 'boat_tours_water_sports', 'localized_name': 'Boat Tours & Water Sports'}, {'name': 'outdoor_activities', 'localized_name': 'Outdoor Activities'}, {'name': 'sightseeing_tours', 'localized_name': 'Tours'}, {'name': 'activities', 'localized_name': 'Activities'}]",5.0,736,https://www.tripadvisor.com/Attraction_Review-g60653-d3573231-Reviews-Kama_aina_Kayak_and_Snorkel_EcoVentures-Kaneohe_Oahu_Hawaii.html?m=66827,http://www.kamaainakidskayaking.org,"['Monday: 08:00 - 16:00', 'Tuesday: 08:00 - 16:00', 'Wednesday: 08:00 - 16:00', 'Thursday: 08:00 - 16:00', 'Friday: 08:00 - 16:00', 'Saturday: 08:00 - 16:00', 'Sunday: Closed']",[]
12097316,Wellness Renewed in Hawaii,https://media-cdn.tripadvisor.com/media/photo-o/0e/3a/54/41/getlstd-property-photo.jpg,-157.81161,21.25606,Honolulu,Honolulu,Pacific/Honolulu,"Waikiki Beach, Honolulu, Oahu, HI 96815",,JPY,2,"[{'name': 'wellness_spas', 'localized_name': 'Spas & Wellness'}, {'name': 'activities', 'localized_name': 'Activities'}]",,0,https://www.tripadvisor.com/Attraction_Review-g60982-d12097316-Reviews-Wellness_Renewed_in_Hawaii-Honolulu_Oahu_Hawaii.html?m=66827,http://www.wellnessrenewedinhawaii.com,,[]
12946698,Ala Moana Tennis Court,,-157.84822,21.28977,Honolulu,Honolulu,Pacific/Honolulu,"1201 Ala Moana Blvd, Honolulu, Oahu, HI 96814-4205",,JPY,2,"[{'name': 'fun_games', 'localized_name': 'Fun & Games'}, {'name': 'activities', 'localized_name': 'Activities'}]",5.0,2,https://www.tripadvisor.com/Attraction_Review-g60982-d12946698-Reviews-Ala_Moana_Tennis_Court-Honolulu_Oahu_Hawaii.html?m=66827,,,[]
2522682,USS Oklahoma Memorial,https://media-cdn.tripadvisor.com/media/photo-o/02/5a/a0/dd/sign-at-memorial.jpg,-157.94473,21.36909,Honolulu,Honolulu,Pacific/Honolulu,"Ford Island Pearl Harbor, Honolulu, Oahu, HI",,JPY,2,"[{'name': 'landmarks', 'localized_name': 'Sights & Landmarks'}, {'name': 'attractions', 'localized_name': 'Attractions'}]",4.5,371,https://www.tripadvisor.com/Attraction_Review-g60982-d2522682-Reviews-USS_Oklahoma_Memorial-Honolulu_Oahu_Hawaii.html?m=66827,http://www.ussoklahoma.com/Pearl_Memorial.html,,[]
14999124,Hawaii Lacrosse Invitational,,-157.81657,21.26603,Honolulu,Honolulu,Pacific/Honolulu,"3840 Paki Ave, Honolulu, Oahu, HI 96815-4523",,JPY,2,"[{'name': 'events', 'localized_name': 'Events'}, {'name': 'activities', 'localized_name': 'Activities'}]",,0,https://www.tripadvisor.com/Attraction_Review-g60982-d14999124-Reviews-Hawaii_Lacrosse_Invitational-Honolulu_Oahu_Hawaii.html?m=66827,http://www.HawaiiLacrosse.com,,[]
16760203,Mikihala Sportfishing,https://media-cdn.tripadvisor.com/media/photo-o/16/a7/1e/11/getlstd-property-photo.jpg,-157.89056,21.3148,Honolulu,Honolulu,Pacific/Honolulu,"4 Sand Island Access Rd Keehi Small Boat Harbor, Honolulu, Oahu, HI 96819-2274",,JPY,2,"[{'name': 'boat_tours_water_sports', 'localized_name': 'Boat Tours & Water Sports'}, {'name': 'outdoor_activities', 'localized_name': 'Outdoor Activities'}, {'name': 'sightseeing_tours', 'localized_name': 'Tours'}, {'name': 'activities', 'localized_name': 'Activities'}]",,0,https://www.tripadvisor.com/Attraction_Review-g60982-d16760203-Reviews-Mikihala_Sportfishing-Honolulu_Oahu_Hawaii.html?m=66827,http://Www.mikihala.com,,[]
7813141,Blue Hawaii Divers,https://media-cdn.tripadvisor.com/media/photo-o/0a/38/7d/a0/hanauma-bay-snorkeliing.jpg,-157.81236,21.26741,Honolulu,Honolulu,Pacific/Honolulu,"3644 Diamond Head Cir, Honolulu, Oahu, HI 96815-4430",,JPY,2,"[{'name': 'boat_tours_water_sports', 'localized_name': 'Boat Tours & Water Sports'}, {'name': 'outdoor_activities', 'localized_name': 'Outdoor Activities'}, {'name': 'sightseeing_tours', 'localized_name': 'Tours'}, {'name': 'activities', 'localized_name': 'Activities'}]",5.0,16,https://www.tripadvisor.com/Attraction_Review-g60982-d7813141-Reviews-Blue_Hawaii_Divers-Honolulu_Oahu_Hawaii.html?m=66827,http://bluehawaiidivers.com,,[]
275372,Hawaii State Capitol,https://media-cdn.tripadvisor.com/media/photo-o/05/72/18/71/hawaii-state-capitol.jpg,-157.85725,21.30738,Honolulu,Honolulu,Pacific/Honolulu,"415 S Beretania St., Honolulu, Oahu, HI 96813-2425",,JPY,2,"[{'name': 'landmarks', 'localized_name': 'Sights & Landmarks'}, {'name': 'attractions', 'localized_name': 'Attractions'}]",4.0,156,https://www.tripadvisor.com/Attraction_Review-g60982-d275372-Reviews-Hawaii_State_Capitol-Honolulu_Oahu_Hawaii.html?m=66827,http://capitol.hawaii.gov,"['Monday: 07:00 - 18:00', 'Tuesday: 07:00 - 18:00', 'Wednesday: 07:00 - 18:00', 'Thursday: 07:00 - 18:00', 'Friday: 07:00 - 18:00', 'Saturday: Closed', 'Sunday: Closed']",[]
1759087,Moanalua Golf Club,,-157.89684,21.36479,Honolulu,Honolulu,Pacific/Honolulu,"1250 Ala Aolani St, Honolulu, Oahu, HI 96819-1463",,JPY,2,"[{'name': 'outdoor_activities', 'localized_name': 'Outdoor Activities'}, {'name': 'activities', 'localized_name': 'Activities'}]",4.0,6,https://www.tripadvisor.com/Attraction_Review-g60982-d1759087-Reviews-Moanalua_Golf_Club-Honolulu_Oahu_Hawaii.html?m=66827,http://moanaluagolfclub.com,,[]
561036,Magic Island,https://media-cdn.tripadvisor.com/media/photo-o/01/b7/a9/39/magic-island-honolulu.jpg,-157.84822,21.28977,Honolulu,Honolulu,Pacific/Honolulu,"1201 Ala Moana Blvd At the end of Ala Moana Beach Park, Honolulu, Oahu, HI 96814-4205",,JPY,2,"[{'name': 'nature_parks', 'localized_name': 'Nature & Parks'}, {'name': 'attractions', 'localized_name': 'Attractions'}]",4.5,729,https://www.tripadvisor.com/Attraction_Review-g60982-d561036-Reviews-Magic_Island-Honolulu_Oahu_Hawaii.html?m=66827,http://www.to-hawaii.com/oahu/beaches/magicislandbeach.php,,['21001939']
19735637,Diamond Head Crater Hike,https://media-cdn.tripadvisor.com/media/photo-o/25/22/62/87/diamond-head-crater-hike.jpg,-157.81175,21.25978,Honolulu,Honolulu,Pacific/Honolulu,"Kapahulu, Honolulu, Oahu, HI 96815",,JPY,2,"[{'name': 'nature_parks', 'localized_name': 'Nature & Parks'}, {'name': 'attractions', 'localized_name': 'Attractions'}, {'name': 'outdoor_activities', 'localized_name': 'Outdoor Activities'}, {'name': 'activities', 'localized_name': 'Activities'}]",4.5,15,https://www.tripadvisor.com/Attraction_Review-g60982-d19735637-Reviews-Diamond_Head_Crater_Hike-Honolulu_Oahu_Hawaii.html?m=66827,,"['Monday: 06:00 - 16:30', 'Tuesday: 06:00 - 16:30', 'Wednesday: 06:00 - 16:30', 'Thursday: 06:00 - 16:30', 'Friday: 06:00 - 16:30', 'Saturday: 06:00 - 16:30', 'Sunday: 06:00 - 16:30']",[]
634758,Pearl Harbor Aviation Museum,https://media-cdn.tripadvisor.com/media/photo-o/25/23/06/68/caption.jpg,-157.96188,21.359762,Honolulu,Honolulu,Pacific/Honolulu,"319 Lexington Blvd Historic Ford Island, Honolulu, Oahu, HI 96818-5004",,JPY,2,"[{'name': 'museums', 'localized_name': 'Museums'}, {'name': 'attractions', 'localized_name': 'Attractions'}]",4.5,2327,https://www.tripadvisor.com/Attraction_Review-g60982-d634758-Reviews-Pearl_Harbor_Aviation_Museum-Honolulu_Oahu_Hawaii.html?m=66827,http://www.pearlharboraviationmuseum.org/,"['Monday: 09:00 - 17:00', 'Tuesday: 09:00 - 17:00', 'Wednesday: 09:00 - 17:00', 'Thursday: 09:00 - 17:00', 'Friday: 09:00 - 17:00', 'Saturday: 09:00 - 17:00', 'Sunday: 09:00 - 17:00']",[]
2471943,Paddle Core Fitness,https://media-cdn.tripadvisor.com/media/photo-o/02/4b/76/0c/caption.jpg,-157.84642,21.286705,Honolulu,Honolulu,Pacific/Honolulu,"Ala Moana Beach Park, Magic Island Magic Island, Honolulu, Oahu, HI 96839",,JPY,2,"[{'name': 'boat_tours_water_sports', 'localized_name': 'Boat Tours & Water Sports'}, {'name': 'outdoor_activities', 'localized_name': 'Outdoor Activities'}, {'name': 'sightseeing_tours', 'localized_name': 'Tours'}, {'name': 'activities', 'localized_name': 'Activities'}]",5.0,4,https://www.tripadvisor.com/Attraction_Review-g60982-d2471943-Reviews-Paddle_Core_Fitness-Honolulu_Oahu_Hawaii.html?m=66827,http://www.paddlecorefitness.com/,"['Monday: 17:00 - 18:00', 'Tuesday: Closed', 'Wednesday: 07:00 - 09:00,  17:00 - 18:00', 'Thursday: Closed', 'Friday: 08:00 - 09:00', 'Saturday: 07:00 - 09:00', 'Sunday: 07:00 - 09:00']",[]
15150300,iTrampoline Hawaii,https://media-cdn.tripadvisor.com/media/photo-o/15/b7/b7/e5/air-drop.jpg,-158.02008,21.377369,Honolulu,Waipahu,Pacific/Honolulu,"94-157 Leoleo St, Waipahu, Oahu, HI 96797-2215",,JPY,2,"[{'name': 'fun_games', 'localized_name': 'Fun & Games'}, {'name': 'activities', 'localized_name': 'Activities'}]",4.0,1,https://www.tripadvisor.com/Attraction_Review-g60663-d15150300-Reviews-ITrampoline_Hawaii-Waipahu_Oahu_Hawaii.html?m=66827,http://itrampolinehawaii.com,"['Monday: 14:00 - 19:00', 'Tuesday: Closed', 'Wednesday: Closed', 'Thursday: Closed', 'Friday: 12:00 - 21:00', 'Saturday: 10:00 - 21:00', 'Sunday: 12:00 - 19:00']",[]
10266468,Yoga Floats,https://media-cdn.tripadvisor.com/media/photo-o/0c/f2/46/2a/yoga-floats.jpg,-157.84613,21.286627,Honolulu,Honolulu,Pacific/Honolulu,"Ala Moana Beach Park Magic Island, Near Lifeguard Tower 1E, Honolulu, Oahu, HI 96814-4205",,JPY,2,"[{'name': 'boat_tours_water_sports', 'localized_name': 'Boat Tours & Water Sports'}, {'name': 'outdoor_activities', 'localized_name': 'Outdoor Activities'}, {'name': 'sightseeing_tours', 'localized_name': 'Tours'}, {'name': 'activities', 'localized_name': 'Activities'}]",5.0,405,https://www.tripadvisor.com/Attraction_Review-g60982-d10266468-Reviews-Yoga_Floats-Honolulu_Oahu_Hawaii.html?m=66827,http://www.yogafloats.com,"['Monday: 09:00 - 17:00', 'Tuesday: 09:00 - 17:00', 'Wednesday: 09:00 - 17:00', 'Thursday: 09:00 - 17:00', 'Friday: 09:00 - 17:00', 'Saturday: 09:00 - 17:00', 'Sunday: 09:00 - 17:00']",[]
5859033,HI Tide Fishing,https://media-cdn.tripadvisor.com/media/photo-o/0e/60/30/67/oahu-giant-trivially.jpg,-157.89066,21.31469,Honolulu,Honolulu,Pacific/Honolulu,"Honolulu, Oahu, HI 96819-2274",,JPY,2,"[{'name': 'boat_tours_water_sports', 'localized_name': 'Boat Tours & Water Sports'}, {'name': 'outdoor_activities', 'localized_name': 'Outdoor Activities'}, {'name': 'sightseeing_tours', 'localized_name': 'Tours'}, {'name': 'activities', 'localized_name': 'Activities'}]",5.0,4,https://www.tripadvisor.com/Attraction_Review-g60982-d5859033-Reviews-HI_Tide_Fishing-Honolulu_Oahu_Hawaii.html?m=66827,http://www.hitidefishing.com,"['Monday: 06:00 - 18:00', 'Tuesday: 06:00 - 18:00', 'Wednesday: 06:00 - 18:00', 'Thursday: 06:00 - 18:00', 'Friday: 06:00 - 18:00', 'Saturday: 06:00 - 18:00', 'Sunday: 06:00 - 18:00']",[]
2322668,Kanile`a `Ukulele,https://media-cdn.tripadvisor.com/media/photo-o/02/27/c3/60/can-t-resist-picking.jpg,-157.80722,21.41512,Honolulu,Kaneohe,Pacific/Honolulu,"46-216 Kahuhipa St #290, Kaneohe, Oahu, HI 96744-3900",,JPY,2,"[{'name': 'shopping', 'localized_name': 'Shopping'}]",5.0,9,https://www.tripadvisor.com/Attraction_Review-g60653-d2322668-Reviews-Kanile_a_Ukulele-Kaneohe_Oahu_Hawaii.html?m=66827,http://www.kanileaukulele.com,"['Monday: 12:00 - 17:00', 'Tuesday: 12:00 - 17:00', 'Wednesday: 12:00 - 17:00', 'Thursday: 12:00 - 17:00', 'Friday: 12:00 - 17:00', 'Saturday: 11:00 - 17:00', 'Sunday: 11:00 - 17:00']",[]
17431305,Ford Island Historical Trail,https://media-cdn.tripadvisor.com/media/photo-o/17/73/76/55/along-ford-island-historical.jpg,-157.94473,21.36909,Honolulu,Honolulu,Pacific/Honolulu,"Ford Island, Honolulu, Oahu, HI",,JPY,2,"[{'name': 'landmarks', 'localized_name': 'Sights & Landmarks'}, {'name': 'attractions', 'localized_name': 'Attractions'}]",4.5,4,https://www.tripadvisor.com/Attraction_Review-g60982-d17431305-Reviews-Ford_Island_Historical_Trail-Honolulu_Oahu_Hawaii.html?m=66827,http://www.pearlharboraviationmuseum.org/blog/ford-island-pearl-harbor-hawaii-december-7-1941-article-i,"['Monday: 00:00 - 23:59', 'Tuesday: 00:00 - 23:59', 'Wednesday: 00:00 - 23:59', 'Thursday: 00:00 - 23:59', 'Friday: 00:00 - 23:59', 'Saturday: 00:00 - 23:59', 'Sunday: 00:00 - 23:59']",[]
15184726,Kapalili Hawaii,,-157.84576,21.286476,Honolulu,Honolulu,Pacific/Honolulu,"Honolulu, Oahu, HI 96814",,JPY,2,"[{'name': 'boat_tours_water_sports', 'localized_name': 'Boat Tours & Water Sports'}, {'name': 'outdoor_activities', 'localized_name': 'Outdoor Activities'}, {'name': 'sightseeing_tours', 'localized_name': 'Tours'}, {'name': 'activities', 'localized_name': 'Activities'}]",5.0,1,https://www.tripadvisor.com/Attraction_Review-g60982-d15184726-Reviews-Kapalili_Hawaii-Honolulu_Oahu_Hawaii.html?m=66827,https://kapalili.com/about/,,[]
23758298,Liberty Luau at Pearl Harbor,https://media-cdn.tripadvisor.com/media/photo-o/21/6f/c3/89/hawaii-an-unrivaled-tropical.jpg,-157.96178,21.359848,Honolulu,Honolulu,Pacific/Honolulu,"319 Lexington Blvd, Honolulu, Oahu, HI 96818-5004",,JPY,2,"[{'name': 'theater_concerts', 'localized_name': 'Concerts & Shows'}, {'name': 'activities', 'localized_name': 'Activities'}]",5.0,1,https://www.tripadvisor.com/Attraction_Review-g60982-d23758298-Reviews-Liberty_Luau_at_Pearl_Harbor-Honolulu_Oahu_Hawaii.html?m=66827,http://www.pearlharboraviationmuseum.org/experience/liberty-luau-at-pearl-harbor/,"['Monday: Closed', 'Tuesday: Closed', 'Wednesday: 17:00 - 20:00', 'Thursday: Closed', 'Friday: 17:00 - 20:00', 'Saturday: Closed', 'Sunday: Closed']",[]
9776158,Navy Marine Golf Course,https://media-cdn.tripadvisor.com/media/photo-o/0a/27/c3/62/navy-marine-golf-course.jpg,-157.92657,21.345245,Honolulu,Honolulu,Pacific/Honolulu,"943 Valkenburgh St, Honolulu, Oahu, HI 96818-3910",,JPY,2,"[{'name': 'outdoor_activities', 'localized_name': 'Outdoor Activities'}, {'name': 'activities', 'localized_name': 'Activities'}]",4.5,14,https://www.tripadvisor.com/Attraction_Review-g60982-d9776158-Reviews-Navy_Marine_Golf_Course-Honolulu_Oahu_Hawaii.html?m=66827,,,[]
132005,Foster Botanical Gardens,https://media-cdn.tripadvisor.com/media/photo-o/25/20/8e/d6/caption.jpg,-157.85762,21.3152,Honolulu,Honolulu,Pacific/Honolulu,"50 N Vineyard Blvd, Honolulu, Oahu, HI 96817-3759",,JPY,2,"[{'name': 'nature_parks', 'localized_name': 'Nature & Parks'}, {'name': 'attractions', 'localized_name': 'Attractions'}]",4.5,533,https://www.tripadvisor.com/Attraction_Review-g60982-d132005-Reviews-Foster_Botanical_Gardens-Honolulu_Oahu_Hawaii.html?m=66827,http://www.honolulu.gov/cms-dpr-menu/site-dpr-sitearticles/568-foster-botanical-garden.html,"['Monday: 09:00 - 16:00', 'Tuesday: 09:00 - 16:00', 'Wednesday: 09:00 - 16:00', 'Thursday: 09:00 - 16:00', 'Friday: 09:00 - 16:00', 'Saturday: 09:00 - 16:00', 'Sunday: 09:00 - 16:00']",[]
261239,Hawaii State Art Museum,https://media-cdn.tripadvisor.com/media/photo-o/11/db/11/08/student-group-in-the.jpg,-157.8583,21.30878,Honolulu,Honolulu,Pacific/Honolulu,"250 S Hotel St Second Floor, Honolulu, Oahu, HI 96813-2831",,JPY,2,"[{'name': 'landmarks', 'localized_name': 'Sights & Landmarks'}, {'name': 'attractions', 'localized_name': 'Attractions'}, {'name': 'museums', 'localized_name': 'Museums'}]",4.5,144,https://www.tripadvisor.com/Attraction_Review-g60982-d261239-Reviews-Hawaii_State_Art_Museum-Honolulu_Oahu_Hawaii.html?m=66827,http://hisam.hawaii.gov,"['Monday: 10:00 - 16:00', 'Tuesday: 10:00 - 16:00', 'Wednesday: 10:00 - 16:00', 'Thursday: 10:00 - 16:00', 'Friday: 10:00 - 16:00', 'Saturday: 10:00 - 16:00', 'Sunday: Closed']",[]
108472,Kane'ohe Bay,https://media-cdn.tripadvisor.com/media/photo-o/01/5b/3c/2c/caption.jpg,-157.80983,21.463,Honolulu,Kaneohe,Pacific/Honolulu,"Kaneohe, Oahu, HI",,JPY,2,"[{'name': 'nature_parks', 'localized_name': 'Nature & Parks'}, {'name': 'attractions', 'localized_name': 'Attractions'}, {'name': 'outdoor_activities', 'localized_name': 'Outdoor Activities'}, {'name': 'activities', 'localized_name': 'Activities'}]",4.5,136,https://www.tripadvisor.com/Attraction_Review-g60653-d108472-Reviews-Kane_ohe_Bay-Kaneohe_Oahu_Hawaii.html?m=66827,,,[]
107578,Hoomaluhia Botanical Gardens,https://media-cdn.tripadvisor.com/media/photo-o/01/49/26/25/caption.jpg,-157.80847,21.394558,Honolulu,Kaneohe,Pacific/Honolulu,"45-680 Luluku Rd, Kaneohe, Oahu, HI 96744",,JPY,2,"[{'name': 'nature_parks', 'localized_name': 'Nature & Parks'}, {'name': 'attractions', 'localized_name': 'Attractions'}]",4.5,410,https://www.tripadvisor.com/Attraction_Review-g60653-d107578-Reviews-Hoomaluhia_Botanical_Gardens-Kaneohe_Oahu_Hawaii.html?m=66827,http://www.honolulu.gov/parks/trees-gardens/honolulu-botanical-gardens.html?id=569:ho#96;omaluhia-botanical-garden&amp;catid=182:site-dpr-cat&amp;Itemid=2069,"['Monday: 09:00 - 16:00', 'Tuesday: 09:00 - 16:00', 'Wednesday: 09:00 - 16:00', 'Thursday: 09:00 - 16:00', 'Friday: 09:00 - 16:00', 'Saturday: 09:00 - 16:00', 'Sunday: 09:00 - 16:00']",[]
23753650,Keaiwa Heiau State Recreation Area,,-157.89597,21.398615,Honolulu,Oahu,Pacific/Honolulu,"Oahu, HI 96701",,JPY,2,"[{'name': 'nature_parks', 'localized_name': 'Nature & Parks'}, {'name': 'attractions', 'localized_name': 'Attractions'}]",5.0,1,https://www.tripadvisor.com/Attraction_Review-g29222-d23753650-Reviews-Keaiwa_Heiau_State_Recreation_Area-Oahu_Hawaii.html?m=66827,http://dlnr.hawaii.gov/dsp/parks/oahu/keaiwa-heiau-state-recreation-area/,,[]
12785515,Diamond Head Beach Park,https://media-cdn.tripadvisor.com/media/photo-o/24/ca/a7/34/caption.jpg,-157.81177,21.259817,Honolulu,Honolulu,Pacific/Honolulu,"3300 Diamond Head Rd, Honolulu, Oahu, HI 96815",,JPY,2,"[{'name': 'nature_parks', 'localized_name': 'Nature & Parks'}, {'name': 'attractions', 'localized_name': 'Attractions'}, {'name': 'outdoor_activities', 'localized_name': 'Outdoor Activities'}, {'name': 'activities', 'localized_name': 'Activities'}]",4.5,14,https://www.tripadvisor.com/Attraction_Review-g60982-d12785515-Reviews-Diamond_Head_Beach_Park-Honolulu_Oahu_Hawaii.html?m=66827,http://www.best-of-oahu.com/diamond-head-beach-park.html,,[]
10270624,Polu Lani Surf Lessons & Adventures,https://media-cdn.tripadvisor.com/media/photo-o/12/00/8a/72/polu-lani-surf-lessons.jpg,-157.84822,21.28977,Honolulu,Honolulu,Pacific/Honolulu,"1201 Ala Moana Blvd, Honolulu, Oahu, HI 96814-4205",,JPY,2,"[{'name': 'boat_tours_water_sports', 'localized_name': 'Boat Tours & Water Sports'}, {'name': 'outdoor_activities', 'localized_name': 'Outdoor Activities'}, {'name': 'sightseeing_tours', 'localized_name': 'Tours'}, {'name': 'activities', 'localized_name': 'Activities'}]",5.0,306,https://www.tripadvisor.com/Attraction_Review-g60982-d10270624-Reviews-Polu_Lani_Surf_Lessons_Adventures-Honolulu_Oahu_Hawaii.html?m=66827,http://www.polulanisurf.com,"['Monday: 07:00 - 19:00', 'Tuesday: 07:00 - 19:00', 'Wednesday: 07:00 - 19:00', 'Thursday: 07:00 - 19:00', 'Friday: 07:00 - 19:00', 'Saturday: 07:00 - 19:00', 'Sunday: Closed']",[]
7220868,Royal Hawaiian Limousine Tours,https://media-cdn.tripadvisor.com/media/photo-o/0d/3f/f8/04/rhl-logo.jpg,-157.81035,21.30792,Honolulu,Honolulu,Pacific/Honolulu,"Honolulu, Oahu, HI",,JPY,2,"[{'name': 'attractions', 'localized_name': 'Attractions'}, {'name': 'transportation', 'localized_name': 'Transportation'}, {'name': 'sightseeing_tours', 'localized_name': 'Tours'}, {'name': 'activities', 'localized_name': 'Activities'}]",4.5,490,https://www.tripadvisor.com/Attraction_Review-g60982-d7220868-Reviews-Royal_Hawaiian_Limousine_Tours-Honolulu_Oahu_Hawaii.html?m=66827,http://www.royalhawaiianlimousine.com,"['Monday: 08:00 - 18:00', 'Tuesday: 08:00 - 18:00', 'Wednesday: 08:00 - 18:00', 'Thursday: 08:00 - 18:00', 'Friday: 08:00 - 18:00', 'Saturday: 08:00 - 18:00', 'Sunday: 08:00 - 18:00']",[]
15748627,Hungaro Explorer,https://media-cdn.tripadvisor.com/media/photo-o/16/10/66/01/exploring-the-beautiful.jpg,-157.80907,21.416384,Honolulu,Kaneohe,Pacific/Honolulu,"46-1012 Emepela Way, Kaneohe, Oahu, HI 96744-3904",,JPY,2,"[{'name': 'sightseeing_tours', 'localized_name': 'Tours'}, {'name': 'activities', 'localized_name': 'Activities'}, {'name': 'outdoor_activities', 'localized_name': 'Outdoor Activities'}]",5.0,30,https://www.tripadvisor.com/Attraction_Review-g60653-d15748627-Reviews-Hungaro_Explorer-Kaneohe_Oahu_Hawaii.html?m=66827,http://www.hungaro-explorer.com,"['Monday: 08:00 - 16:00', 'Tuesday: 08:00 - 16:00', 'Wednesday: 08:00 - 16:00', 'Thursday: 08:00 - 16:00', 'Friday: 08:00 - 16:00', 'Saturday: 08:00 - 16:00', 'Sunday: 08:00 - 16:00']",[]
10020622,Lantern Floating Hawaii,https://media-cdn.tripadvisor.com/media/photo-o/0b/75/e6/f0/large-screen-partially.jpg,-157.84686,21.288736,Honolulu,Honolulu,Pacific/Honolulu,"1201 Ala Moana Blvd Ala Moana Beach Park, Honolulu, Oahu, HI 96814-4205",,JPY,2,"[{'name': 'events', 'localized_name': 'Events'}, {'name': 'activities', 'localized_name': 'Activities'}]",4.5,16,https://www.tripadvisor.com/Attraction_Review-g60982-d10020622-Reviews-Lantern_Floating_Hawaii-Honolulu_Oahu_Hawaii.html?m=66827,http://www.lanternfloatinghawaii.com/,,[]
23543149,Pu'uloa Beach Park,https://media-cdn.tripadvisor.com/media/photo-o/1d/74/5d/96/beach-day.jpg,-157.99142,21.314072,Honolulu,Ewa Beach,Pacific/Honolulu,"91-27 Fort Weaver Road, Ewa Beach, Oahu, HI 96706",,JPY,2,"[{'name': 'nature_parks', 'localized_name': 'Nature & Parks'}, {'name': 'attractions', 'localized_name': 'Attractions'}, {'name': 'outdoor_activities', 'localized_name': 'Outdoor Activities'}, {'name': 'activities', 'localized_name': 'Activities'}]",,0,https://www.tripadvisor.com/Attraction_Review-g60645-d23543149-Reviews-Pu_uloa_Beach_Park-Ewa_Beach_Oahu_Hawaii.html?m=66827,,,[]
10514143,Ewa Beach,https://media-cdn.tripadvisor.com/media/photo-o/0d/c0/13/07/ewa-beach.jpg,-157.99164,21.31391,Honolulu,Honolulu,Pacific/Honolulu,"Fort Weaver Road, Honolulu, Oahu, HI 96706",,JPY,2,"[{'name': 'nature_parks', 'localized_name': 'Nature & Parks'}, {'name': 'attractions', 'localized_name': 'Attractions'}, {'name': 'outdoor_activities', 'localized_name': 'Outdoor Activities'}, {'name': 'activities', 'localized_name': 'Activities'}]",4.0,20,https://www.tripadvisor.com/Attraction_Review-g60982-d10514143-Reviews-Ewa_Beach-Honolulu_Oahu_Hawaii.html?m=66827,,,[]
4108044,Honolulu Fish Auction,https://media-cdn.tripadvisor.com/media/photo-o/03/d9/6c/16/honolulu-fish-auction.jpg,-157.87607,21.3182,Honolulu,Honolulu,Pacific/Honolulu,"1131 N Nimitz Hwy, Honolulu, Oahu, HI 96817-4522",,JPY,2,"[{'name': 'landmarks', 'localized_name': 'Sights & Landmarks'}, {'name': 'attractions', 'localized_name': 'Attractions'}]",5.0,35,https://www.tripadvisor.com/Attraction_Review-g60982-d4108044-Reviews-Honolulu_Fish_Auction-Honolulu_Oahu_Hawaii.html?m=66827,http://www.hawaii-seafood.org/auction/,,[]
23105804,Housemart Ben Franklin Crafts,,-157.89526,21.345766,Honolulu,Hilo,Pacific/Honolulu,"2810 Paa St Honolulu, Hilo, Island of Hawaii, HI 96720",,JPY,2,"[{'name': 'shopping', 'localized_name': 'Shopping'}]",5.0,1,https://www.tripadvisor.com/Attraction_Review-g60583-d23105804-Reviews-Housemart_Ben_Franklin_Crafts-Hilo_Island_of_Hawaii_Hawaii.html?m=66827,http://www.benfranklinhawaii.com/,"['Monday: 09:00 - 20:00', 'Tuesday: 09:00 - 20:00', 'Wednesday: 09:00 - 20:00', 'Thursday: 09:00 - 20:00', 'Friday: 09:00 - 20:00', 'Saturday: 09:00 - 20:00', 'Sunday: 09:00 - 17:00']",[]
9764071,Queen Kapiolani Statue,https://media-cdn.tripadvisor.com/media/photo-o/0a/2e/ec/8a/rainha-kapiolani.jpg,-157.81657,21.26603,Honolulu,Honolulu,Pacific/Honolulu,"3840 Paki Ave Kapiolani Park, Honolulu, Oahu, HI 96815-4523",,JPY,2,"[{'name': 'landmarks', 'localized_name': 'Sights & Landmarks'}, {'name': 'attractions', 'localized_name': 'Attractions'}]",4.0,14,https://www.tripadvisor.com/Attraction_Review-g60982-d9764071-Reviews-Queen_Kapiolani_Statue-Honolulu_Oahu_Hawaii.html?m=66827,http://www.hawaiiforvisitors.com/oahu/attractions/queen-kapiolani-statue.htm,,[]
23881082,The Episcopal Diocese Of Hawaii,,-157.85738,21.310122,Honolulu,Honolulu,Pacific/Honolulu,"229 Queen Emma Square, Honolulu, Oahu, HI 96813-2334",,JPY,2,"[{'name': 'landmarks', 'localized_name': 'Sights & Landmarks'}, {'name': 'attractions', 'localized_name': 'Attractions'}]",,0,https://www.tripadvisor.com/Attraction_Review-g60982-d23881082-Reviews-The_Episcopal_Diocese_Of_Hawaii-Honolulu_Oahu_Hawaii.html?m=66827,http://www.episcopalhawaii.org,,[]
2540047,Island Seaplane Service,https://media-cdn.tripadvisor.com/media/photo-o/02/77/71/d8/island-seaplane-service.jpg,-157.92072,21.31239,Honolulu,Honolulu,Pacific/Honolulu,"85 Lagoon Dr, Honolulu, Oahu, HI 96819-1849",,JPY,2,"[{'name': 'sightseeing_tours', 'localized_name': 'Tours'}, {'name': 'activities', 'localized_name': 'Activities'}, {'name': 'outdoor_activities', 'localized_name': 'Outdoor Activities'}]",5.0,40,https://www.tripadvisor.com/Attraction_Review-g60982-d2540047-Reviews-Island_Seaplane_Service-Honolulu_Oahu_Hawaii.html?m=66827,http://www.islandseaplane.com,"['Monday: 09:00 - 18:00', 'Tuesday: 09:00 - 18:00', 'Wednesday: 09:00 - 18:00', 'Thursday: 09:00 - 18:00', 'Friday: 09:00 - 18:00', 'Saturday: 09:00 - 18:00', 'Sunday: Closed']",[]
8761346,Waikiki Bandstand,https://media-cdn.tripadvisor.com/media/photo-o/09/5d/88/b9/waikiki-bandstand.jpg,-157.81657,21.26603,Honolulu,Honolulu,Pacific/Honolulu,"3840 Paki Ave Kapiolani Park, Honolulu, Oahu, HI 96815-4523",,JPY,2,"[{'name': 'landmarks', 'localized_name': 'Sights & Landmarks'}, {'name': 'attractions', 'localized_name': 'Attractions'}, {'name': 'theater_concerts', 'localized_name': 'Concerts & Shows'}, {'name': 'activities', 'localized_name': 'Activities'}]",4.0,9,https://www.tripadvisor.com/Attraction_Review-g60982-d8761346-Reviews-Waikiki_Bandstand-Honolulu_Oahu_Hawaii.html?m=66827,http://www.okinawanfestival.com,,[]
10020619,Pro Bowl,https://media-cdn.tripadvisor.com/media/photo-o/0a/8b/74/ea/pro-bowl.jpg,-157.92995,21.372478,Honolulu,Honolulu,Pacific/Honolulu,"99-500 Salt Lake Blvd Aloha Stadium, Honolulu, Oahu, HI 96818",,JPY,2,"[{'name': 'events', 'localized_name': 'Events'}, {'name': 'activities', 'localized_name': 'Activities'}]",4.0,2,https://www.tripadvisor.com/Attraction_Review-g60982-d10020619-Reviews-Pro_Bowl-Honolulu_Oahu_Hawaii.html?m=66827,http://www.nfl.com/probowl,,[]
19466527,Leahi Beach Park,https://media-cdn.tripadvisor.com/media/photo-o/24/8a/ba/bb/caption.jpg,-157.8151,21.25647,Honolulu,Honolulu,Pacific/Honolulu,"3187 Diamond Head Rd, Honolulu, Oahu, HI 96815-4719",,JPY,2,"[{'name': 'nature_parks', 'localized_name': 'Nature & Parks'}, {'name': 'attractions', 'localized_name': 'Attractions'}]",3.5,2,https://www.tripadvisor.com/Attraction_Review-g60982-d19466527-Reviews-Leahi_Beach_Park-Honolulu_Oahu_Hawaii.html?m=66827,,,[]
8875926,Makalei Beach Park,https://media-cdn.tripadvisor.com/media/photo-o/09/b2/ef/0d/makalei-beach-park.jpg,-157.81702,21.2577,Honolulu,Honolulu,Pacific/Honolulu,"3111 Diamond Head Rd, Honolulu, Oahu, HI 96815-4719",,JPY,2,"[{'name': 'nature_parks', 'localized_name': 'Nature & Parks'}, {'name': 'attractions', 'localized_name': 'Attractions'}, {'name': 'outdoor_activities', 'localized_name': 'Outdoor Activities'}, {'name': 'activities', 'localized_name': 'Activities'}]",5.0,14,https://www.tripadvisor.com/Attraction_Review-g60982-d8875926-Reviews-Makalei_Beach_Park-Honolulu_Oahu_Hawaii.html?m=66827,,,[]
12498724,SURFERCISE fitness,https://media-cdn.tripadvisor.com/media/photo-o/0f/43/4c/eb/getlstd-property-photo.jpg,-157.84615,21.287039,Honolulu,Honolulu,Pacific/Honolulu,"Ala Moana Beach Park, Magic Island next to lifeguard tower 1E, Honolulu, Oahu, HI 96815",,JPY,2,"[{'name': 'classes', 'localized_name': 'Classes & Workshops'}, {'name': 'activities', 'localized_name': 'Activities'}]",,0,https://www.tripadvisor.com/Attraction_Review-g60982-d12498724-Reviews-SURFERCISE_fitness-Honolulu_Oahu_Hawaii.html?m=66827,http://www.surfercisefitness.com,,['21001939']
4028433,Aloha Jet Ski Rentals,https://media-cdn.tripadvisor.com/media/photo-o/0f/3e/93/4f/aloha-jetski.jpg,-157.88925,21.312384,Honolulu,Honolulu,Pacific/Honolulu,"10 Sand Island Pkwy, Honolulu, Oahu, HI 96819-4355",,JPY,2,"[{'name': 'outdoor_activities', 'localized_name': 'Outdoor Activities'}, {'name': 'activities', 'localized_name': 'Activities'}]",4.5,31,https://www.tripadvisor.com/Attraction_Review-g60982-d4028433-Reviews-Aloha_Jet_Ski_Rentals-Honolulu_Oahu_Hawaii.html?m=66827,http://www.alohajetski.com,"['Monday: 08:30 - 18:30', 'Tuesday: 08:30 - 18:30', 'Wednesday: 08:30 - 18:30', 'Thursday: 08:30 - 18:30', 'Friday: 08:30 - 18:30', 'Saturday: 08:30 - 18:30', 'Sunday: 08:30 - 18:30']",[]
261805,Monty's Magic Theater,,-157.85754,21.31076,Honolulu,Honolulu,Pacific/Honolulu,"1270 Queen Emma St Ste 612, Honolulu, Oahu, HI 96813-2307",,JPY,2,"[{'name': 'theater_concerts', 'localized_name': 'Concerts & Shows'}, {'name': 'activities', 'localized_name': 'Activities'}]",,0,https://www.tripadvisor.com/Attraction_Review-g60982-d261805-Reviews-Monty_s_Magic_Theater-Honolulu_Oahu_Hawaii.html?m=66827,,,[]
4271359,Pearl Harbor Tours,https://media-cdn.tripadvisor.com/media/photo-o/05/d0/1c/58/missouri.jpg,-157.94989,21.364767,Honolulu,Honolulu,Pacific/Honolulu,"Honolulu, Oahu, HI 96814",,JPY,2,"[{'name': 'sightseeing_tours', 'localized_name': 'Tours'}, {'name': 'activities', 'localized_name': 'Activities'}]",4.5,292,https://www.tripadvisor.com/Attraction_Review-g60982-d4271359-Reviews-Pearl_Harbor_Tours-Honolulu_Oahu_Hawaii.html?m=66827,http://pearlharbor.org/,"['Monday: 07:00 - 17:30', 'Tuesday: 07:00 - 17:30', 'Wednesday: 07:00 - 17:30', 'Thursday: 07:00 - 17:30', 'Friday: 07:00 - 17:30', 'Saturday: 07:00 - 17:30', 'Sunday: 07:00 - 17:30']",[]
1873443,Aiea Loop Trail,https://media-cdn.tripadvisor.com/media/photo-o/0e/1b/6f/19/photo2jpg.jpg,-157.90022,21.394266,Honolulu,Aiea,Pacific/Honolulu,"Aiea, Oahu, HI",,JPY,2,"[{'name': 'nature_parks', 'localized_name': 'Nature & Parks'}, {'name': 'attractions', 'localized_name': 'Attractions'}, {'name': 'outdoor_activities', 'localized_name': 'Outdoor Activities'}, {'name': 'activities', 'localized_name': 'Activities'}]",4.0,135,https://www.tripadvisor.com/Attraction_Review-g60644-d1873443-Reviews-Aiea_Loop_Trail-Aiea_Oahu_Hawaii.html?m=66827,http://dlnr.hawaii.gov/dsp/hiking/oahu/aiea-loop-trail/,,[]
8555919,USS Utah Memorial,https://media-cdn.tripadvisor.com/media/photo-o/0b/24/e7/97/uss-utah-ford-island.jpg,-157.95578,21.367226,Honolulu,Honolulu,Pacific/Honolulu,"1275 Saratoga Blvd Ford Island, Honolulu, Oahu, HI 96818-5029",,JPY,2,"[{'name': 'landmarks', 'localized_name': 'Sights & Landmarks'}, {'name': 'attractions', 'localized_name': 'Attractions'}]",4.5,41,https://www.tripadvisor.com/Attraction_Review-g60982-d8555919-Reviews-USS_Utah_Memorial-Honolulu_Oahu_Hawaii.html?m=66827,http://www.ussutah1941.org/,,[]
24047614,Downtown Waikiki Historical Highway Tour,https://media-cdn.tripadvisor.com/media/photo-o/23/61/8c/e5/waikiki.jpg,-157.85814,21.309883,Honolulu,Honolulu,Pacific/Honolulu,"Honolulu, Oahu, HI",,JPY,2,"[{'name': 'sightseeing_tours', 'localized_name': 'Tours'}, {'name': 'activities', 'localized_name': 'Activities'}]",5.0,1,https://www.tripadvisor.com/Attraction_Review-g60982-d24047614-Reviews-Downtown_Waikiki_Historical_Highway_Tour-Honolulu_Oahu_Hawaii.html?m=66827,http://www.hawaii-historic-tour.com/,,[]
3954259,Aloha Stadium,https://media-cdn.tripadvisor.com/media/photo-o/05/75/fd/a4/photo-of-aloha-stadium.jpg,-157.92972,21.37125,Honolulu,Honolulu,Pacific/Honolulu,"99-500 Salt Lake Blvd, Honolulu, Oahu, HI 96701-3770",,JPY,2,"[{'name': 'landmarks', 'localized_name': 'Sights & Landmarks'}, {'name': 'attractions', 'localized_name': 'Attractions'}]",4.0,247,https://www.tripadvisor.com/Attraction_Review-g60982-d3954259-Reviews-Aloha_Stadium-Honolulu_Oahu_Hawaii.html?m=66827,http://alohastadium.hawaii.gov/,"['Monday: 07:45 - 16:30', 'Tuesday: 07:45 - 16:30', 'Wednesday: 07:45 - 16:30', 'Thursday: 07:45 - 16:30', 'Friday: 07:45 - 16:30', 'Saturday: Closed', 'Sunday: Closed']",[]
1238132,Moanalua Gardens,https://media-cdn.tripadvisor.com/media/photo-o/01/99/ce/54/caption.jpg,-157.89307,21.34721,Honolulu,Honolulu,Pacific/Honolulu,"Moanalua Rd, Honolulu, Oahu, HI 96819",,JPY,2,"[{'name': 'nature_parks', 'localized_name': 'Nature & Parks'}, {'name': 'attractions', 'localized_name': 'Attractions'}]",4.0,744,https://www.tripadvisor.com/Attraction_Review-g60982-d1238132-Reviews-Moanalua_Gardens-Honolulu_Oahu_Hawaii.html?m=66827,http://www.moanaluagardens.com/about,"['Monday: 08:00 - 17:00', 'Tuesday: 08:00 - 17:00', 'Wednesday: 08:00 - 17:00', 'Thursday: 08:00 - 17:00', 'Friday: 08:00 - 17:00', 'Saturday: 08:00 - 17:00', 'Sunday: 08:00 - 17:00']",[]
7122057,Pearl Harbor Website - Day Tours,https://media-cdn.tripadvisor.com/media/photo-o/0e/e8/dd/27/pacific-aviation-museum.jpg,-157.81023,21.30824,Honolulu,Honolulu,Pacific/Honolulu,"2752 Woodlawn Dr Suite 5-211 B, Honolulu, Oahu, HI 96822-1802",,JPY,2,"[{'name': 'sightseeing_tours', 'localized_name': 'Tours'}, {'name': 'activities', 'localized_name': 'Activities'}]",3.5,44,https://www.tripadvisor.com/Attraction_Review-g60982-d7122057-Reviews-Pearl_Harbor_Website_Day_Tours-Honolulu_Oahu_Hawaii.html?m=66827,http://www.pearlharborwebsite.com/,,[]
13358083,Diamond Head Lighthouse,https://media-cdn.tripadvisor.com/media/photo-o/11/c2/0c/10/diamond-head-lighthouse.jpg,-157.80946,21.255985,Honolulu,Honolulu,Pacific/Honolulu,"3399 Diamond Head Rd, Honolulu, Oahu, HI 96815-4723",,JPY,2,"[{'name': 'landmarks', 'localized_name': 'Sights & Landmarks'}, {'name': 'attractions', 'localized_name': 'Attractions'}]",4.0,19,https://www.tripadvisor.com/Attraction_Review-g60982-d13358083-Reviews-Diamond_Head_Lighthouse-Honolulu_Oahu_Hawaii.html?m=66827,http://www.pacificarea.uscg.mil/Organizations/District-14,,[]
24154064,Ford Island Control Tower,https://media-cdn.tripadvisor.com/media/photo-o/24/7b/22/c4/view2.jpg,-157.85814,21.309883,Honolulu,Honolulu,Pacific/Honolulu,"Ford Island, Honolulu, Oahu, HI 96818",,JPY,2,"[{'name': 'landmarks', 'localized_name': 'Sights & Landmarks'}, {'name': 'attractions', 'localized_name': 'Attractions'}]",4.0,1,https://www.tripadvisor.com/Attraction_Review-g60982-d24154064-Reviews-Ford_Island_Control_Tower-Honolulu_Oahu_Hawaii.html?m=66827,,,[]
17642016,Mamalahoe Statue,https://media-cdn.tripadvisor.com/media/photo-o/18/08/66/94/mamalahoe-statue.jpg,-157.81032,21.4085,Honolulu,Kaneohe,Pacific/Honolulu,"45-939 Pookela St, Kaneohe, Oahu, HI 96744-5725",,JPY,2,"[{'name': 'landmarks', 'localized_name': 'Sights & Landmarks'}, {'name': 'attractions', 'localized_name': 'Attractions'}]",4.0,1,https://www.tripadvisor.com/Attraction_Review-g60653-d17642016-Reviews-Mamalahoe_Statue-Kaneohe_Oahu_Hawaii.html?m=66827,http://dags.hawaii.gov/sfca/app/gallery/displayimage.php,"['Monday: 00:00 - 23:59', 'Tuesday: 00:00 - 23:59', 'Wednesday: 00:00 - 23:59', 'Thursday: 00:00 - 23:59', 'Friday: 00:00 - 23:59', 'Saturday: 00:00 - 23:59', 'Sunday: 00:00 - 23:59']",[]
15027272,Moanalua Valley Trail,https://media-cdn.tripadvisor.com/media/photo-o/16/c1/d6/16/moanalua-valley-trail.jpg,-157.89578,21.36345,Honolulu,Honolulu,Pacific/Honolulu,"Ala Aolani St, Honolulu, Oahu, HI 96819",,JPY,2,"[{'name': 'nature_parks', 'localized_name': 'Nature & Parks'}, {'name': 'attractions', 'localized_name': 'Attractions'}, {'name': 'outdoor_activities', 'localized_name': 'Outdoor Activities'}, {'name': 'activities', 'localized_name': 'Activities'}]",4.5,4,https://www.tripadvisor.com/Attraction_Review-g60982-d15027272-Reviews-Moanalua_Valley_Trail-Honolulu_Oahu_Hawaii.html?m=66827,,,[]
595643,Aloha Stadium Swap Meet & Marketplace,https://media-cdn.tripadvisor.com/media/photo-o/00/1c/1c/ea/aloha-stadium.jpg,-157.92972,21.37125,Honolulu,Honolulu,Pacific/Honolulu,"99-500 Salt Lake Blvd, Honolulu, Oahu, HI 96818",,JPY,2,"[{'name': 'shopping', 'localized_name': 'Shopping'}]",4.0,1529,https://www.tripadvisor.com/Attraction_Review-g60982-d595643-Reviews-Aloha_Stadium_Swap_Meet_Marketplace-Honolulu_Oahu_Hawaii.html?m=66827,http://www.alohastadiumswapmeet.net/,"['Monday: Closed', 'Tuesday: Closed', 'Wednesday: 08:00 - 15:00', 'Thursday: Closed', 'Friday: Closed', 'Saturday: 08:00 - 15:00', 'Sunday: 06:30 - 15:00']",[]
13145651,BB Salon & Spa,,-157.87096,21.31617,Honolulu,Honolulu,Pacific/Honolulu,"650 Iwilei Rd, Honolulu, Oahu, HI 96817-5086",,JPY,2,"[{'name': 'wellness_spas', 'localized_name': 'Spas & Wellness'}, {'name': 'activities', 'localized_name': 'Activities'}]",,0,https://www.tripadvisor.com/Attraction_Review-g60982-d13145651-Reviews-BB_Salon_Spa-Honolulu_Oahu_Hawaii.html?m=66827,http://www.bbsalonandspa.com/,,[]
15555890,Xring Security and Firearms,https://media-cdn.tripadvisor.com/media/photo-o/15/88/b7/5a/getlstd-property-photo.jpg,-158.01697,21.37917,Honolulu,Oahu,Pacific/Honolulu,"94-116 Pupuole Pl, Oahu, HI 96797-2318",,JPY,2,"[{'name': 'fun_games', 'localized_name': 'Fun & Games'}, {'name': 'activities', 'localized_name': 'Activities'}]",4.0,5,https://www.tripadvisor.com/Attraction_Review-g29222-d15555890-Reviews-Xring_Security_and_Firearms-Oahu_Hawaii.html?m=66827,http://www.xringsecurity.com,"['Monday: Closed', 'Tuesday: 10:00 - 20:00', 'Wednesday: 10:00 - 20:00', 'Thursday: 10:00 - 20:00', 'Friday: 10:00 - 20:00', 'Saturday: 08:00 - 18:00', 'Sunday: 08:00 - 18:00']",[]
13197066,Lux Studio,,-157.85777,21.31393,Honolulu,Honolulu,Pacific/Honolulu,"23 S Vineyard Blvd #303, Honolulu, Oahu, HI 96813-2376",,JPY,2,"[{'name': 'wellness_spas', 'localized_name': 'Spas & Wellness'}, {'name': 'activities', 'localized_name': 'Activities'}]",,0,https://www.tripadvisor.com/Attraction_Review-g60982-d13197066-Reviews-Lux_Studio-Honolulu_Oahu_Hawaii.html?m=66827,http://loreastyle.wixsite.com/lux-studio,"['Monday: Closed', 'Tuesday: Closed', 'Wednesday: Closed', 'Thursday: Closed', 'Friday: Closed', 'Saturday: Closed', 'Sunday: 10:00 - 16:00']",[]
1959861,Manoa Marketplace Farmer's Market,https://media-cdn.tripadvisor.com/media/photo-o/02/2d/d3/6e/caption.jpg,-157.81023,21.30824,Honolulu,Honolulu,Pacific/Honolulu,"2750 Woodlawn Dr, Honolulu, Oahu, HI 96822-1841",,JPY,2,"[{'name': 'shopping', 'localized_name': 'Shopping'}]",4.0,27,https://www.tripadvisor.com/Attraction_Review-g60982-d1959861-Reviews-Manoa_Marketplace_Farmer_s_Market-Honolulu_Oahu_Hawaii.html?m=66827,,,[]
10792318,Iyengar Yoga Honolulu,,-157.81023,21.30824,Honolulu,Honolulu,Pacific/Honolulu,"2752 Woodlawn Dr 5-203, Honolulu, Oahu, HI 96822-1802",,JPY,2,"[{'name': 'wellness_spas', 'localized_name': 'Spas & Wellness'}, {'name': 'activities', 'localized_name': 'Activities'}]",,0,https://www.tripadvisor.com/Attraction_Review-g60982-d10792318-Reviews-Iyengar_Yoga_Honolulu-Honolulu_Oahu_Hawaii.html?m=66827,http://honoluluyoga.com,,[]
3940965,He'eia State Park,https://media-cdn.tripadvisor.com/media/photo-o/05/14/7c/74/he-eia-state-park.jpg,-157.8099,21.440775,Honolulu,Kaneohe,Pacific/Honolulu,"46-465 Kamehameha Hwy, Kaneohe, Oahu, HI 96744-4044",,JPY,2,"[{'name': 'nature_parks', 'localized_name': 'Nature & Parks'}, {'name': 'attractions', 'localized_name': 'Attractions'}]",4.5,71,https://www.tripadvisor.com/Attraction_Review-g60653-d3940965-Reviews-He_eia_State_Park-Kaneohe_Oahu_Hawaii.html?m=66827,http://www.heeiastatepark.org,"['Monday: 09:00 - 16:00', 'Tuesday: 09:00 - 16:00', 'Wednesday: 09:00 - 16:00', 'Thursday: 09:00 - 16:00', 'Friday: 09:00 - 16:00', 'Saturday: 10:00 - 12:00', 'Sunday: 10:00 - 12:00']",[]
105445,Battleship Missouri Memorial,https://media-cdn.tripadvisor.com/media/photo-o/11/fb/ae/21/the-mighty-missouri-a.jpg,-157.95338,21.362137,Honolulu,Honolulu,Pacific/Honolulu,"63 Cowpens St, Honolulu, Oahu, HI 96818-5006",,JPY,2,"[{'name': 'landmarks', 'localized_name': 'Sights & Landmarks'}, {'name': 'attractions', 'localized_name': 'Attractions'}]",4.5,8205,https://www.tripadvisor.com/Attraction_Review-g60982-d105445-Reviews-Battleship_Missouri_Memorial-Honolulu_Oahu_Hawaii.html?m=66827,http://www.ussmissouri.org,"['Monday: 08:00 - 16:00', 'Tuesday: 08:00 - 16:00', 'Wednesday: 08:00 - 16:00', 'Thursday: 08:00 - 16:00', 'Friday: 08:00 - 16:00', 'Saturday: 08:00 - 16:00', 'Sunday: 08:00 - 16:00']",[]
23475283,The Hawaii Shop,,-157.85834,21.306944,Honolulu,Honolulu,Pacific/Honolulu,"Po Box 25764 Kulana Media Productions Llc, Honolulu, Oahu, HI 96825-0764",,JPY,2,"[{'name': 'shopping', 'localized_name': 'Shopping'}]",5.0,1,https://www.tripadvisor.com/Attraction_Review-g60982-d23475283-Reviews-The_Hawaii_Shop-Honolulu_Oahu_Hawaii.html?m=66827,,,[]
7914964,Bonefish Hawaii,https://media-cdn.tripadvisor.com/media/photo-o/0a/90/2c/47/fly-fishing-guide-in.jpg,-157.89076,21.315739,Honolulu,Oahu,Pacific/Honolulu,"4 Sand Island Access Rd, Oahu, HI 96819-2274",,JPY,2,"[{'name': 'boat_tours_water_sports', 'localized_name': 'Boat Tours & Water Sports'}, {'name': 'outdoor_activities', 'localized_name': 'Outdoor Activities'}, {'name': 'sightseeing_tours', 'localized_name': 'Tours'}, {'name': 'activities', 'localized_name': 'Activities'}]",5.0,1,https://www.tripadvisor.com/Attraction_Review-g29222-d7914964-Reviews-Bonefish_Hawaii-Oahu_Hawaii.html?m=66827,http://www.bonefishhawaii.com,"['Monday: 06:00 - 20:00', 'Tuesday: 06:00 - 20:00', 'Wednesday: 06:00 - 20:00', 'Thursday: 06:00 - 20:00', 'Friday: 06:00 - 20:00', 'Saturday: 06:00 - 20:00', 'Sunday: 06:00 - 18:00']",[]
104386,USS Arizona Memorial,https://media-cdn.tripadvisor.com/media/photo-o/0f/1b/31/ed/img-20170419-094941-largejpg.jpg,-157.94984,21.364698,Honolulu,Honolulu,Pacific/Honolulu,"1 Arizona Memorial Place, Honolulu, Oahu, HI 96818",,JPY,2,"[{'name': 'landmarks', 'localized_name': 'Sights & Landmarks'}, {'name': 'attractions', 'localized_name': 'Attractions'}, {'name': 'museums', 'localized_name': 'Museums'}]",4.5,26845,https://www.tripadvisor.com/Attraction_Review-g60982-d104386-Reviews-USS_Arizona_Memorial-Honolulu_Oahu_Hawaii.html?m=66827,http://www.nps.gov/valr/index.htm,"['Monday: 07:00 - 17:00', 'Tuesday: 07:00 - 17:00', 'Wednesday: 07:00 - 17:00', 'Thursday: 07:00 - 17:00', 'Friday: 07:00 - 17:00', 'Saturday: 07:00 - 17:00', 'Sunday: 07:00 - 17:00']",[]
14187273,Mermaid Republic,https://media-cdn.tripadvisor.com/media/photo-o/13/33/35/d9/getlstd-property-photo.jpg,-157.84659,21.283426,Honolulu,Honolulu,Pacific/Honolulu,"Ala Moana Beach Park, Honolulu, Oahu, HI 96814",,JPY,2,"[{'name': 'boat_tours_water_sports', 'localized_name': 'Boat Tours & Water Sports'}, {'name': 'outdoor_activities', 'localized_name': 'Outdoor Activities'}, {'name': 'sightseeing_tours', 'localized_name': 'Tours'}, {'name': 'activities', 'localized_name': 'Activities'}]",3.5,7,https://www.tripadvisor.com/Attraction_Review-g60982-d14187273-Reviews-Mermaid_Republic-Honolulu_Oahu_Hawaii.html?m=66827,https://www.mermaidrepublic.com/,"['Monday: 09:00 - 19:00', 'Tuesday: 09:00 - 19:00', 'Wednesday: 09:00 - 19:00', 'Thursday: 09:00 - 19:00', 'Friday: 09:00 - 19:00', 'Saturday: 09:00 - 19:00', 'Sunday: 09:00 - 19:00']",['21001939']
10486557,King Airport Shuttle,https://media-cdn.tripadvisor.com/media/photo-o/11/fc/1f/be/king-airport-shuttle.jpg,-157.9082,21.34424,Honolulu,Oahu,Pacific/Honolulu,"801 Ala Nioi Pl Apt 205, Oahu, HI 96817",,JPY,2,"[{'name': 'transportation', 'localized_name': 'Transportation'}, {'name': 'attractions', 'localized_name': 'Attractions'}]",5.0,63,https://www.tripadvisor.com/Attraction_Review-g29222-d10486557-Reviews-King_Airport_Shuttle-Oahu_Hawaii.html?m=66827,http://www.kingairportshuttle.com,,[]
8444737,Moanalua Middle Ridge,https://media-cdn.tripadvisor.com/media/photo-o/08/6e/7c/f8/the-haiku-stairs-from.jpg,-157.89578,21.36345,Honolulu,Honolulu,Pacific/Honolulu,"Ala Alolani St, Honolulu, Oahu, HI 96819",,JPY,2,"[{'name': 'nature_parks', 'localized_name': 'Nature & Parks'}, {'name': 'attractions', 'localized_name': 'Attractions'}, {'name': 'outdoor_activities', 'localized_name': 'Outdoor Activities'}, {'name': 'activities', 'localized_name': 'Activities'}]",5.0,21,https://www.tripadvisor.com/Attraction_Review-g60982-d8444737-Reviews-Moanalua_Middle_Ridge-Honolulu_Oahu_Hawaii.html?m=66827,,,[]
